{"cameraMode":{"drawMode":0,"name":"Shaded","section":"Shading Mode"},"sceneLighting":false,"audioPlay":false,"sceneViewState":{"showFog":true,"showMaterialUpdate":false,"showSkybox":true,"showFlares":true,"showImageEffects":true,"showParticleSystems":true},"in2DMode":false,"pivot":{"x":0.5485575199127197,"y":2.1110949516296388,"z":-1.2467811107635499},"rotation":{"x":-0.0023532542400062086,"y":0.48057886958122256,"z":0.0013020412297919393,"w":0.8769617676734924},"size":6.466494560241699,"orthographic":false}