{"cameraMode":{"drawMode":0,"name":"Shaded","section":"Shading Mode"},"sceneLighting":false,"audioPlay":false,"sceneViewState":{"showFog":true,"showMaterialUpdate":false,"showSkybox":true,"showFlares":true,"showImageEffects":true,"showParticleSystems":true},"in2DMode":false,"pivot":{"x":-6.389840126037598,"y":2.2120108604431154,"z":-2.4780220985412599},"rotation":{"x":0.03846270591020584,"y":0.8558022379875183,"z":-0.06431934982538223,"w":0.5119127631187439},"size":0.5808473825454712,"orthographic":false}